,Unemployment Insurance: Jobless Claims: Initial
Region,United States
Frequency,Weekly beginning at Saturday
Unit,Person th
Source,US Department of Labor
Status,Active
Series ID,298084001 (UGFEAA)
SR Code,SR4526209
Function Information,
First Obs. Date,7/1/1967
Last Obs. Date,29/09/2018
Last Update Time,4/10/2018
Remarks,
Suggestions,
Mean,353.309037
Variance,13516.98812
Standard Deviation,116.2625826
Skewness,1.235564255
Kurtosis,2.624930684
Coefficient Variation,0.329067673
Min,133
Max,1073.5
Median,332.2305
No. of Obs,2700
7/1/1967,346
14/01/1967,334
21/01/1967,277
28/01/1967,252
4/2/1967,274
11/2/1967,276
18/02/1967,247
25/02/1967,248
4/3/1967,326
11/3/1967,240
18/03/1967,225
25/03/1967,215
1/4/1967,223
8/4/1967,251
15/04/1967,289
22/04/1967,218
29/04/1967,216
6/5/1967,221
13/05/1967,188
20/05/1967,177
27/05/1967,170
3/6/1967,175
10/6/1967,188
17/06/1967,176
24/06/1967,178
1/7/1967,206
8/7/1967,322
15/07/1967,309
22/07/1967,282
29/07/1967,243
5/8/1967,250
12/8/1967,193
19/08/1967,174
26/08/1967,160
2/9/1967,163
9/9/1967,156
16/09/1967,165
23/09/1967,155
30/09/1967,154
7/10/1967,195
14/10/1967,159
21/10/1967,181
28/10/1967,174
4/11/1967,204
11/11/1967,201
18/11/1967,209
25/11/1967,200
2/12/1967,228
9/12/1967,258
16/12/1967,241
23/12/1967,289
30/12/1967,332
6/1/1968,357
13/01/1968,373
20/01/1968,293
27/01/1968,242
3/2/1968,308
10/2/1968,257
17/02/1968,214
24/02/1968,199
2/3/1968,198
9/3/1968,208
16/03/1968,179
23/03/1968,175
30/03/1968,165
6/4/1968,184
13/04/1968,167
20/04/1968,165
27/04/1968,216
4/5/1968,180
11/5/1968,164
18/05/1968,156
25/05/1968,148
1/6/1968,139
8/6/1968,149
15/06/1968,154
22/06/1968,152
29/06/1968,173
6/7/1968,266
13/07/1968,242
20/07/1968,216
27/07/1968,238
3/8/1968,235
10/8/1968,222
17/08/1968,160
24/08/1968,148
31/08/1968,139
7/9/1968,135
14/09/1968,141
21/09/1968,142
28/09/1968,143
5/10/1968,153
12/10/1968,151
19/10/1968,151
26/10/1968,152
2/11/1968,161
9/11/1968,174
16/11/1968,196
23/11/1968,211
30/11/1968,180
7/12/1968,223
14/12/1968,233
21/12/1968,243
28/12/1968,333
4/1/1969,290
11/1/1969,337
18/01/1969,265
25/01/1969,236
1/2/1969,250
8/2/1969,248
15/02/1969,219
22/02/1969,199
1/3/1969,206
8/3/1969,195
15/03/1969,179
22/03/1969,158
29/03/1969,157
5/4/1969,170
12/4/1969,187
19/04/1969,168
26/04/1969,151
3/5/1969,150
10/5/1969,157
17/05/1969,141
24/05/1969,138
31/05/1969,135
7/6/1969,148
14/06/1969,145
21/06/1969,155
28/06/1969,177
5/7/1969,267
12/7/1969,271
19/07/1969,246
26/07/1969,221
2/8/1969,223
9/8/1969,210
16/08/1969,168
23/08/1969,154
30/08/1969,144
6/9/1969,133
13/09/1969,149
20/09/1969,147
27/09/1969,147
4/10/1969,159
11/10/1969,168
18/10/1969,155
25/10/1969,171
1/11/1969,174
8/11/1969,206
15/11/1969,196
22/11/1969,230
29/11/1969,219
6/12/1969,247
13/12/1969,264
20/12/1969,289
27/12/1969,320
3/1/1970,344
10/1/1970,429
17/01/1970,386
24/01/1970,316
31/01/1970,293
7/2/1970,324
14/02/1970,308
21/02/1970,285
28/02/1970,241
7/3/1970,270
14/03/1970,258
21/03/1970,233
28/03/1970,236
4/4/1970,250
11/4/1970,300
18/04/1970,339
25/04/1970,299
2/5/1970,278
9/5/1970,279
16/05/1970,242
23/05/1970,231
30/05/1970,224
6/6/1970,234
13/06/1970,242
20/06/1970,245
27/06/1970,247
4/7/1970,309
11/7/1970,369
18/07/1970,353
25/07/1970,329
1/8/1970,293
8/8/1970,278
15/08/1970,257
22/08/1970,238
29/08/1970,220
5/9/1970,240
12/9/1970,207
19/09/1970,247
26/09/1970,256
3/10/1970,284
10/10/1970,287
17/10/1970,259
24/10/1970,280
31/10/1970,283
7/11/1970,333
14/11/1970,307
21/11/1970,333
28/11/1970,354
5/12/1970,378
12/12/1970,370
19/12/1970,354
26/12/1970,451
2/1/1971,443
9/1/1971,500
16/01/1971,452
23/01/1971,399
30/01/1971,353
6/2/1971,375
13/02/1971,333
20/02/1971,286
27/02/1971,289
6/3/1971,306
13/03/1971,275
20/03/1971,260
27/03/1971,261
3/4/1971,267
10/4/1971,278
17/04/1971,257
24/04/1971,248
1/5/1971,237
8/5/1971,260
15/05/1971,230
22/05/1971,231
29/05/1971,231
5/6/1971,232
12/6/1971,244
19/06/1971,249
26/06/1971,247
3/7/1971,288
10/7/1971,335
17/07/1971,367
24/07/1971,342
31/07/1971,340
7/8/1971,362
14/08/1971,282
21/08/1971,252
28/08/1971,228
4/9/1971,268
11/9/1971,219
18/09/1971,230
25/09/1971,236
2/10/1971,238
9/10/1971,280
16/10/1971,233
23/10/1971,251
30/10/1971,241
6/11/1971,297
13/11/1971,289
20/11/1971,291
27/11/1971,284
4/12/1971,372
11/12/1971,348
18/12/1971,329
25/12/1971,340
1/1/1972,405
8/1/1972,479
15/01/1972,395
22/01/1972,347
29/01/1972,326
5/2/1972,342
12/2/1972,318
19/02/1972,279
26/02/1972,252
4/3/1972,263
11/3/1972,257
18/03/1972,241
25/03/1972,231
1/4/1972,224
8/4/1972,271
15/04/1972,237
22/04/1972,223
29/04/1972,214
6/5/1972,234
13/05/1972,218
20/05/1972,210
27/05/1972,209
3/6/1972,198
10/6/1972,224
17/06/1972,227
24/06/1972,240
1/7/1972,327
8/7/1972,364
15/07/1972,367
22/07/1972,299
29/07/1972,266
5/8/1972,256
12/8/1972,220
19/08/1972,203
26/08/1972,195
2/9/1972,192
9/9/1972,178
16/09/1972,196
23/09/1972,193
30/09/1972,192
7/10/1972,233
14/10/1972,202
21/10/1972,214
28/10/1972,196
4/11/1972,242
11/11/1972,236
18/11/1972,280
25/11/1972,238
2/12/1972,268
9/12/1972,317
16/12/1972,323
23/12/1972,327
30/12/1972,338
6/1/1973,345
13/01/1973,412
20/01/1973,324
27/01/1973,267
3/2/1973,285
10/2/1973,276
17/02/1973,242
24/02/1973,220
3/3/1973,233
10/3/1973,227
17/03/1973,212
24/03/1973,209
31/03/1973,193
7/4/1973,244
14/04/1973,212
21/04/1973,211
28/04/1973,194
5/5/1973,214
12/5/1973,198
19/05/1973,189
26/05/1973,190
2/6/1973,173
9/6/1973,210
16/06/1973,198
23/06/1973,206
30/06/1973,215
7/7/1973,309
14/07/1973,270
21/07/1973,259
28/07/1973,265
4/8/1973,262
11/8/1973,238
18/08/1973,207
25/08/1973,190
1/9/1973,180
8/9/1973,177
15/09/1973,186
22/09/1973,187
29/09/1973,191
6/10/1973,210
13/10/1973,207
20/10/1973,208
27/10/1973,200
3/11/1973,230
10/11/1973,277
17/11/1973,261
24/11/1973,237
1/12/1973,299
8/12/1973,345
15/12/1973,340
22/12/1973,429
29/12/1973,461
5/1/1974,405
12/1/1974,584
19/01/1974,465
26/01/1974,373
2/2/1974,381
9/2/1974,459
16/02/1974,352
23/02/1974,296
2/3/1974,313
9/3/1974,310
16/03/1974,293
23/03/1974,285
30/03/1974,279
6/4/1974,288
13/04/1974,278
20/04/1974,256
27/04/1974,235
4/5/1974,243
11/5/1974,249
18/05/1974,238
25/05/1974,246
1/6/1974,209
8/6/1974,267
15/06/1974,255
22/06/1974,266
29/06/1974,285
6/7/1974,350
13/07/1974,351
20/07/1974,325
27/07/1974,333
3/8/1974,340
10/8/1974,318
17/08/1974,269
24/08/1974,260
31/08/1974,259
7/9/1974,253
14/09/1974,271
21/09/1974,283
28/09/1974,279
5/10/1974,325
12/10/1974,358
19/10/1974,324
26/10/1974,357
2/11/1974,375
9/11/1974,435
16/11/1974,450
23/11/1974,532
30/11/1974,524
7/12/1974,693
14/12/1974,637
21/12/1974,677
28/12/1974,813
4/1/1975,681
11/1/1975,969
18/01/1975,850
25/01/1975,729
1/2/1975,699
8/2/1975,691
15/02/1975,608
22/02/1975,567
1/3/1975,568
8/3/1975,569
15/03/1975,494
22/03/1975,499
29/03/1975,477
5/4/1975,505
12/4/1975,496
19/04/1975,456
26/04/1975,429
3/5/1975,420
10/5/1975,432
17/05/1975,410
24/05/1975,391
31/05/1975,360
7/6/1975,443
14/06/1975,422
21/06/1975,428
28/06/1975,407
5/7/1975,460
12/7/1975,517
19/07/1975,481
26/07/1975,471
2/8/1975,462
9/8/1975,429
16/08/1975,367
23/08/1975,353
30/08/1975,332
6/9/1975,331
13/09/1975,341
20/09/1975,336
27/09/1975,342
4/10/1975,365
11/10/1975,385
18/10/1975,332
25/10/1975,372
1/11/1975,378
8/11/1975,414
15/11/1975,371
22/11/1975,419
29/11/1975,403
6/12/1975,487
13/12/1975,456
20/12/1975,463
27/12/1975,573
3/1/1976,540
10/1/1976,708
17/01/1976,563
24/01/1976,486
31/01/1976,450
7/2/1976,452
14/02/1976,391
21/02/1976,367
28/02/1976,353
6/3/1976,366
13/03/1976,343
20/03/1976,330
27/03/1976,314
3/4/1976,334
10/4/1976,366
17/04/1976,316
24/04/1976,311
1/5/1976,313
8/5/1976,345
15/05/1976,308
22/05/1976,311
29/05/1976,310
5/6/1976,307
12/6/1976,351
19/06/1976,342
26/06/1976,339
3/7/1976,401
10/7/1976,445
17/07/1976,455
24/07/1976,418
31/07/1976,401
7/8/1976,373
14/08/1976,329
21/08/1976,320
28/08/1976,301
4/9/1976,321
11/9/1976,280
18/09/1976,320
25/09/1976,327
2/10/1976,332
9/10/1976,388
16/10/1976,325
23/10/1976,361
30/10/1976,370
6/11/1976,387
13/11/1976,363
20/11/1976,430
27/11/1976,369
4/12/1976,500
11/12/1976,494
18/12/1976,434
25/12/1976,466
1/1/1977,558
8/1/1977,685
15/01/1977,597
22/01/1977,589
29/01/1977,518
5/2/1977,704
12/2/1977,552
19/02/1977,422
26/02/1977,360
5/3/1977,367
12/3/1977,335
19/03/1977,321
26/03/1977,298
2/4/1977,296
9/4/1977,367
16/04/1977,316
23/04/1977,314
30/04/1977,305
7/5/1977,333
14/05/1977,309
21/05/1977,293
28/05/1977,298
4/6/1977,283
11/6/1977,308
18/06/1977,310
25/06/1977,321
2/7/1977,348
9/7/1977,431
16/07/1977,424
23/07/1977,391
30/07/1977,380
6/8/1977,379
13/08/1977,319
20/08/1977,298
27/08/1977,282
3/9/1977,289
10/9/1977,260
17/09/1977,289
24/09/1977,293
1/10/1977,275
8/10/1977,345
15/10/1977,287
22/10/1977,322
29/10/1977,309
5/11/1977,352
12/11/1977,310
19/11/1977,367
26/11/1977,342
3/12/1977,430
10/12/1977,448
17/12/1977,412
24/12/1977,450
31/12/1977,535
7/1/1978,559
14/01/1978,579
21/01/1978,500
28/01/1978,445
4/2/1978,447
11/2/1978,438
18/02/1978,455
25/02/1978,372
4/3/1978,360
11/3/1978,342
18/03/1978,302
25/03/1978,280
1/4/1978,278
8/4/1978,338
15/04/1978,279
22/04/1978,277
29/04/1978,269
6/5/1978,291
13/05/1978,268
20/05/1978,266
27/05/1978,256
3/6/1978,242
10/6/1978,292
17/06/1978,287
24/06/1978,297
1/7/1978,347
8/7/1978,428
15/07/1978,421
22/07/1978,387
29/07/1978,371
5/8/1978,376
12/8/1978,326
19/08/1978,287
26/08/1978,264
2/9/1978,249
9/9/1978,246
16/09/1978,262
23/09/1978,254
30/09/1978,249
7/10/1978,323
14/10/1978,262
21/10/1978,287
28/10/1978,280
4/11/1978,302
11/11/1978,286
18/11/1978,345
25/11/1978,350
2/12/1978,427
9/12/1978,427
16/12/1978,390
23/12/1978,447
30/12/1978,515
6/1/1979,559
13/01/1979,680
20/01/1979,488
27/01/1979,423
3/2/1979,424
10/2/1979,418
17/02/1979,384
24/02/1979,364
3/3/1979,358
10/3/1979,346
17/03/1979,315
24/03/1979,296
31/03/1979,300
7/4/1979,449
14/04/1979,424
21/04/1979,340
28/04/1979,303
5/5/1979,307
12/5/1979,290
19/05/1979,280
26/05/1979,287
2/6/1979,262
9/6/1979,322
16/06/1979,312
23/06/1979,343
30/06/1979,366
7/7/1979,458
14/07/1979,446
21/07/1979,445
28/07/1979,417
4/8/1979,428
11/8/1979,360
18/08/1979,329
25/08/1979,313
1/9/1979,312
8/9/1979,285
15/09/1979,311
22/09/1979,309
29/09/1979,303
6/10/1979,379
13/10/1979,335
20/10/1979,342
27/10/1979,353
3/11/1979,372
10/11/1979,392
17/11/1979,401
24/11/1979,379
1/12/1979,513
8/12/1979,521
15/12/1979,455
22/12/1979,580
29/12/1979,596
5/1/1980,574
12/1/1980,804
19/01/1980,648
26/01/1980,515
2/2/1980,471
9/2/1980,493
16/02/1980,418
23/02/1980,415
1/3/1980,407
8/3/1980,413
15/03/1980,398
22/03/1980,392
29/03/1980,399
5/4/1980,451
12/4/1980,535
19/04/1980,495
26/04/1980,482
3/5/1980,491
10/5/1980,526
17/05/1980,539
24/05/1980,525
31/05/1980,477
7/6/1980,562
14/06/1980,511
21/06/1980,529
28/06/1980,563
5/7/1980,584
12/7/1980,643
19/07/1980,628
26/07/1980,569
2/8/1980,536
9/8/1980,494
16/08/1980,435
23/08/1980,410
30/08/1980,397
6/9/1980,374
13/09/1980,414
20/09/1980,381
27/09/1980,363
4/10/1980,410
11/10/1980,417
18/10/1980,355
25/10/1980,384
1/11/1980,395
8/11/1980,416
15/11/1980,403
22/11/1980,440
29/11/1980,407
6/12/1980,534
13/12/1980,481
20/12/1980,499
27/12/1980,546
3/1/1981,580
10/1/1981,839
17/01/1981,638
24/01/1981,521
31/01/1981,490
7/2/1981,500
14/02/1981,439
21/02/1981,430
28/02/1981,432
7/3/1981,414
14/03/1981,385
21/03/1981,365
28/03/1981,356
4/4/1981,383
11/4/1981,401
18/04/1981,350
25/04/1981,379
2/5/1981,342
9/5/1981,369
16/05/1981,340
23/05/1981,342
30/05/1981,301
6/6/1981,384
13/06/1981,367
20/06/1981,376
27/06/1981,387
4/7/1981,430
11/7/1981,516
18/07/1981,481
25/07/1981,429
1/8/1981,444
8/8/1981,419
15/08/1981,369
22/08/1981,351
29/08/1981,352
5/9/1981,396
12/9/1981,331
19/09/1981,392
26/09/1981,392
3/10/1981,416
10/10/1981,476
17/10/1981,408
24/10/1981,450
31/10/1981,479
7/11/1981,534
14/11/1981,483
21/11/1981,522
28/11/1981,535
5/12/1981,726
12/12/1981,657
19/12/1981,644
26/12/1981,702
2/1/1982,694.3
9/1/1982,1073.5
16/01/1982,761.7
23/01/1982,771.2
30/01/1982,692.3
6/2/1982,671
13/02/1982,532.8
20/02/1982,522.9
27/02/1982,536.3
6/3/1982,566.3
13/03/1982,515.1
20/03/1982,510.5
27/03/1982,501.5
3/4/1982,516.6
10/4/1982,606.3
17/04/1982,540.3
24/04/1982,518.6
1/5/1982,475.6
8/5/1982,516.5
15/05/1982,486.5
22/05/1982,486.3
29/05/1982,485.8
5/6/1982,478.6
12/6/1982,541.6
19/06/1982,508.1
26/06/1982,507.7
3/7/1982,594.4
10/7/1982,631.4
17/07/1982,647
24/07/1982,576.1
31/07/1982,562.6
7/8/1982,569.2
14/08/1982,536.4
21/08/1982,510.4
28/08/1982,502.3
4/9/1982,537.6
11/9/1982,467.7
18/09/1982,559.5
25/09/1982,535
2/10/1982,565.6
9/10/1982,638.1
16/10/1982,540.3
23/10/1982,577.6
30/10/1982,576.8
6/11/1982,604.8
13/11/1982,546.7
20/11/1982,650.4
27/11/1982,574.1
4/12/1982,709.4
11/12/1982,638.2
18/12/1982,598
25/12/1982,653.6
1/1/1983,745.1
8/1/1983,976.6
15/01/1983,773.6
22/01/1983,650.6
29/01/1983,597.7
5/2/1983,594.2
12/2/1983,525.1
19/02/1983,506.3
26/02/1983,448.7
5/3/1983,497.4
12/3/1983,459.7
19/03/1983,427.5
26/03/1983,422.1
2/4/1983,423
9/4/1983,509.7
16/04/1983,464.8
23/04/1983,431.3
30/04/1983,399.9
7/5/1983,435
14/05/1983,385.2
21/05/1983,380.3
28/05/1983,373
4/6/1983,351.1
11/6/1983,390.1
18/06/1983,369.2
25/06/1983,383.5
2/7/1983,397.4
9/7/1983,451.9
16/07/1983,459.4
23/07/1983,428.3
30/07/1983,383.4
6/8/1983,382.5
13/08/1983,382.3
20/08/1983,356.9
27/08/1983,323.6
3/9/1983,328.8
10/9/1983,288.7
17/09/1983,326.9
24/09/1983,324.7
1/10/1983,318.5
8/10/1983,390.5
15/10/1983,319.9
22/10/1983,354.9
29/10/1983,356.4
5/11/1983,398.2
12/11/1983,347.3
19/11/1983,431.9
26/11/1983,362.9
3/12/1983,458.4
10/12/1983,442.9
17/12/1983,414.6
24/12/1983,496.8
31/12/1983,558.9
7/1/1984,621.6
14/01/1984,637.9
21/01/1984,475.1
28/01/1984,448.5
4/2/1984,408.4
11/2/1984,381.5
18/02/1984,349.3
25/02/1984,329.1
3/3/1984,350.5
10/3/1984,344
17/03/1984,323.5
24/03/1984,317.6
31/03/1984,291.4
7/4/1984,390.3
14/04/1984,330.8
21/04/1984,326.5
28/04/1984,309.3
5/5/1984,318.9
12/5/1984,312.1
19/05/1984,294.2
26/05/1984,292.7
2/6/1984,268.7
9/6/1984,333.8
16/06/1984,309.9
23/06/1984,316.8
30/06/1984,329
7/7/1984,432.5
14/07/1984,435.9
21/07/1984,396.2
28/07/1984,343.8
4/8/1984,348.1
11/8/1984,328.1
18/08/1984,321
25/08/1984,303.3
1/9/1984,303.5
8/9/1984,289.3
15/09/1984,320.7
22/09/1984,313.2
29/09/1984,304.7
6/10/1984,373.3
13/10/1984,353.2
20/10/1984,378.7
27/10/1984,380.5
3/11/1984,413.4
10/11/1984,397.5
17/11/1984,370.8
24/11/1984,387
1/12/1984,494.7
8/12/1984,477.9
15/12/1984,443.7
22/12/1984,482.3
29/12/1984,527.5
5/1/1985,568.3
12/1/1985,770
19/01/1985,537.7
26/01/1985,478.3
2/2/1985,452.4
9/2/1985,473.3
16/02/1985,404.7
23/02/1985,379
2/3/1985,377.3
9/3/1985,389.2
16/03/1985,360.5
23/03/1985,346.7
30/03/1985,329.1
6/4/1985,398
13/04/1985,397.5
20/04/1985,351.8
27/04/1985,324.7
4/5/1985,335.6
11/5/1985,339.1
18/05/1985,324.9
25/05/1985,328.5
1/6/1985,293.5
8/6/1985,368.9
15/06/1985,339.2
22/06/1985,339.5
29/06/1985,349.8
6/7/1985,409.5
13/07/1985,481.5
20/07/1985,413.7
27/07/1985,358.7
3/8/1985,365.8
10/8/1985,358.2
17/08/1985,319.4
24/08/1985,314.8
31/08/1985,317.6
7/9/1985,304.7
14/09/1985,332.9
21/09/1985,317.6
28/09/1985,301.6
5/10/1985,355.6
12/10/1985,358
19/10/1985,331
26/10/1985,375.7
2/11/1985,375.3
9/11/1985,404.1
16/11/1985,380.3
23/11/1985,423.1
30/11/1985,384.7
7/12/1985,504.2
14/12/1985,443.4
21/12/1985,458.2
28/12/1985,548.2
4/1/1986,547.5
11/1/1986,803.9
18/01/1986,568.8
25/01/1986,395.7
1/2/1986,425.4
8/2/1986,438.1
15/02/1986,374.2
22/02/1986,382.2
1/3/1986,381.2
8/3/1986,371.7
15/03/1986,361.6
22/03/1986,363.1
29/03/1986,333.3
5/4/1986,366.1
12/4/1986,386.1
19/04/1986,348.7
26/04/1986,335.1
3/5/1986,333.6
10/5/1986,343.8
17/05/1986,319
24/05/1986,321.7
31/05/1986,278.7
7/6/1986,342.2
14/06/1986,324.7
21/06/1986,327.4
28/06/1986,336.1
5/7/1986,377.4
12/7/1986,456.2
19/07/1986,402.4
26/07/1986,370.7
2/8/1986,370.9
9/8/1986,376.9
16/08/1986,326
23/08/1986,310.2
30/08/1986,307.1
6/9/1986,283.7
13/09/1986,320.8
20/09/1986,315.8
27/09/1986,294.2
4/10/1986,328.9
11/10/1986,357.7
18/10/1986,313
25/10/1986,332.4
1/11/1986,334.1
8/11/1986,357.6
15/11/1986,347.4
22/11/1986,410.6
29/11/1986,350.9
6/12/1986,462.7
13/12/1986,438.6
20/12/1986,423.8
27/12/1986,483.9
3/1/1987,483.977
10/1/1987,710.493
17/01/1987,545.768
24/01/1987,412.977
31/01/1987,435.743
7/2/1987,444.24
14/02/1987,359.219
21/02/1987,332.93
28/02/1987,355.357
7/3/1987,343.065
14/03/1987,321.153
21/03/1987,313.104
28/03/1987,288.648
4/4/1987,308.94
11/4/1987,344.364
18/04/1987,305.201
25/04/1987,285.566
2/5/1987,277.726
9/5/1987,276.773
16/05/1987,283.832
23/05/1987,286.15
30/05/1987,242.793
6/6/1987,299.672
13/06/1987,281.043
20/06/1987,285.191
27/06/1987,294.288
4/7/1987,321.855
11/7/1987,402.706
18/07/1987,361.491
25/07/1987,339.756
1/8/1987,309.433
8/8/1987,296.403
15/08/1987,256.647
22/08/1987,245.058
29/08/1987,243.829
5/9/1987,255.589
12/9/1987,210.375
19/09/1987,243.651
26/09/1987,242.206
3/10/1987,244.736
10/10/1987,291.075
17/10/1987,242.157
24/10/1987,271.19
31/10/1987,261.036
7/11/1987,306.34
14/11/1987,286.334
21/11/1987,354.037
28/11/1987,288.614
5/12/1987,412.297
12/12/1987,372.869
19/12/1987,384.763
26/12/1987,397.287
2/1/1988,465.503
9/1/1988,654.62
16/01/1988,577.975
23/01/1988,412.685
30/01/1988,394.776
6/2/1988,380.906
13/02/1988,334.833
20/02/1988,315.497
27/02/1988,324.517
5/3/1988,312.409
12/3/1988,294.321
19/03/1988,275.545
26/03/1988,269
2/4/1988,256.607
9/4/1988,319.713
16/04/1988,273.16
23/04/1988,272.44
30/04/1988,247.619
7/5/1988,267.315
14/05/1988,257.101
21/05/1988,259.64
28/05/1988,255.852
4/6/1988,235.308
11/6/1988,268.052
18/06/1988,264.1
25/06/1988,268.77
2/7/1988,290.079
9/7/1988,335.78
16/07/1988,377.872
23/07/1988,384.92
30/07/1988,311.475
6/8/1988,293.718
13/08/1988,261.066
20/08/1988,253.359
27/08/1988,241.809
3/9/1988,243.944
10/9/1988,220.226
17/09/1988,247.25
24/09/1988,236.23
1/10/1988,226.453
8/10/1988,276.732
15/10/1988,237.722
22/10/1988,264.201
29/10/1988,265.794
5/11/1988,293.412
12/11/1988,257.201
19/11/1988,335.818
26/11/1988,281.841
3/12/1988,391.406
10/12/1988,354.028
17/12/1988,354.768
24/12/1988,413.175
31/12/1988,474.226
7/1/1989,544.138
14/01/1989,519.727
21/01/1989,364.499
28/01/1989,361.331
4/2/1989,340.647
11/2/1989,365.301
18/02/1989,317.676
25/02/1989,288.69
4/3/1989,333.669
11/3/1989,325.019
18/03/1989,291.112
25/03/1989,276.369
1/4/1989,275.799
8/4/1989,321.723
15/04/1989,275.24
22/04/1989,271.002
29/04/1989,247.646
6/5/1989,275.425
13/05/1989,275.507
20/05/1989,260.543
27/05/1989,266.146
3/6/1989,243.246
10/6/1989,295.499
17/06/1989,285.589
24/06/1989,295.338
1/7/1989,319.577
8/7/1989,364.594
15/07/1989,423.847
22/07/1989,365.026
29/07/1989,320.773
5/8/1989,311.584
12/8/1989,291.429
19/08/1989,261.419
26/08/1989,254.488
2/9/1989,259.54
9/9/1989,239.989
16/09/1989,271.903
23/09/1989,262.895
30/09/1989,265.31
7/10/1989,375.972
14/10/1989,284.584
21/10/1989,315.473
28/10/1989,317.538
4/11/1989,336.759
11/11/1989,303.556
18/11/1989,377.814
25/11/1989,316.458
2/12/1989,443.684
9/12/1989,426.514
16/12/1989,420.795
23/12/1989,534.261
30/12/1989,515.926
6/1/1990,581.679
13/01/1990,730.995
20/01/1990,485.424
27/01/1990,440.748
3/2/1990,432.922
10/2/1990,429.764
17/02/1990,364.616
24/02/1990,341.969
3/3/1990,361.937
10/3/1990,355.935
17/03/1990,325.164
24/03/1990,306.391
31/03/1990,297.117
7/4/1990,372.079
14/04/1990,315.624
21/04/1990,324.936
28/04/1990,294.785
5/5/1990,304.16
12/5/1990,299.266
19/05/1990,287.082
26/05/1990,295.476
2/6/1990,273.91
9/6/1990,321.727
16/06/1990,305.69
23/06/1990,316.999
30/06/1990,326.407
7/7/1990,419.256
14/07/1990,448.952
21/07/1990,407.676
28/07/1990,353.149
4/8/1990,336.997
11/8/1990,330.678
18/08/1990,313.804
25/08/1990,302.267
1/9/1990,305.51
8/9/1990,277.768
15/09/1990,323.246
22/09/1990,306.549
29/09/1990,308.08
6/10/1990,361.538
13/10/1990,356.203
20/10/1990,387.444
27/10/1990,394.598
3/11/1990,424.771
10/11/1990,463.874
17/11/1990,433.003
24/11/1990,422.676
1/12/1990,568.583
8/12/1990,574.323
15/12/1990,523.403
22/12/1990,637.449
29/12/1990,649.471
5/1/1991,651.775
12/1/1991,872.742
19/01/1991,691.092
26/01/1991,511.36
2/2/1991,563.06
9/2/1991,574.76
16/02/1991,498.2
23/02/1991,492.325
2/3/1991,504.023
9/3/1991,514.41
16/03/1991,470.801
23/03/1991,477.877
30/03/1991,412.904
6/4/1991,448.082
13/04/1991,459.364
20/04/1991,433.912
27/04/1991,385.153
4/5/1991,384.458
11/5/1991,382.113
18/05/1991,366.492
25/05/1991,365.117
1/6/1991,320.632
8/6/1991,397.682
15/06/1991,369.074
22/06/1991,371.232
29/06/1991,370.372
6/7/1991,427.161
13/07/1991,517.888
20/07/1991,454.655
27/07/1991,408.098
3/8/1991,397.522
10/8/1991,385.74
17/08/1991,344.969
24/08/1991,329.287
31/08/1991,328.04
7/9/1991,302.187
14/09/1991,342.419
21/09/1991,333.11
28/09/1991,334.206
5/10/1991,366.862
12/10/1991,388.37
19/10/1991,344.189
26/10/1991,380.253
2/11/1991,427.789
9/11/1991,473.432
16/11/1991,417.766
23/11/1991,503.032
30/11/1991,433.18
7/12/1991,610.113
14/12/1991,554.059
21/12/1991,555.747
28/12/1991,625.772
4/1/1992,652.046
11/1/1992,882.118
18/01/1992,687.914
25/01/1992,504.838
1/2/1992,508.594
8/2/1992,537.238
15/02/1992,469.794
22/02/1992,429.723
29/02/1992,454.987
7/3/1992,434.426
14/03/1992,417.282
21/03/1992,413.18
28/03/1992,370.883
4/4/1992,393.384
11/4/1992,412.948
18/04/1992,366.621
25/04/1992,364.454
2/5/1992,363.794
9/5/1992,364.1
16/05/1992,341.425
23/05/1992,343.432
30/05/1992,305.08
6/6/1992,374.978
13/06/1992,369.067
20/06/1992,369.995
27/06/1992,370.373
4/7/1992,395.505
11/7/1992,506.05
18/07/1992,452.468
25/07/1992,554.59
1/8/1992,382.138
8/8/1992,366.092
15/08/1992,322.729
22/08/1992,312.436
29/08/1992,309.806
5/9/1992,339.006
12/9/1992,299.189
19/09/1992,345.093
26/09/1992,315.455
3/10/1992,326.938
10/10/1992,353.504
17/10/1992,310.235
24/10/1992,333.005
31/10/1992,331.922
7/11/1992,392.213
14/11/1992,348.011
21/11/1992,401.972
28/11/1992,317.218
5/12/1992,449.726
12/12/1992,424.677
19/12/1992,396.619
26/12/1992,392.612
2/1/1993,487.466
9/1/1993,704.93
16/01/1993,558.516
23/01/1993,410.944
30/01/1993,397
6/2/1993,384.707
13/02/1993,344.52
20/02/1993,345.116
27/02/1993,367.412
6/3/1993,364.185
13/03/1993,335.154
20/03/1993,315.473
27/03/1993,330.512
3/4/1993,331.871
10/4/1993,346.648
17/04/1993,321.564
24/04/1993,310.916
1/5/1993,285.098
8/5/1993,301.906
15/05/1993,287.944
22/05/1993,285.444
29/05/1993,291.206
5/6/1993,273.411
12/6/1993,308.535
19/06/1993,304.843
26/06/1993,301.549
3/7/1993,334.335
10/7/1993,362.425
17/07/1993,402.348
24/07/1993,418.26
31/07/1993,320.155
7/8/1993,314.579
14/08/1993,277.263
21/08/1993,270.913
28/08/1993,254.231
4/9/1993,270.528
11/9/1993,238.902
18/09/1993,280.903
25/09/1993,265.51
2/10/1993,263.636
9/10/1993,338.726
16/10/1993,288.699
23/10/1993,321.509
30/10/1993,309.359
6/11/1993,365.28
13/11/1993,310.455
20/11/1993,377.935
27/11/1993,306.788
4/12/1993,431.21
11/12/1993,398.56
18/12/1993,382.583
25/12/1993,398.084
1/1/1994,481.735
8/1/1994,676.076
15/01/1994,571.816
22/01/1994,427.57
29/01/1994,481.458
5/2/1994,429.8
12/2/1994,385.594
19/02/1994,368.626
26/02/1994,307.194
5/3/1994,355.25
12/3/1994,331.023
19/03/1994,308.038
26/03/1994,292.661
2/4/1994,289.631
9/4/1994,361.348
16/04/1994,327.166
23/04/1994,298.62
30/04/1994,285.837
7/5/1994,332.414
14/05/1994,303.19
21/05/1994,299.324
28/05/1994,291.797
4/6/1994,273.849
11/6/1994,309.033
18/06/1994,298.198
25/06/1994,305.863
2/7/1994,327.262
9/7/1994,394.428
16/07/1994,443.698
23/07/1994,354.495
30/07/1994,295.979
6/8/1994,304.363
13/08/1994,277.614
20/08/1994,262.131
27/08/1994,257.299
3/9/1994,270.561
10/9/1994,237.526
17/09/1994,264.553
24/09/1994,251.191
1/10/1994,255.588
8/10/1994,322.522
15/10/1994,272.742
22/10/1994,296.646
29/10/1994,291.557
5/11/1994,338.561
12/11/1994,298.03
19/11/1994,366.719
26/11/1994,295.729
3/12/1994,412.824
10/12/1994,397.238
17/12/1994,376.21
24/12/1994,423.387
31/12/1994,482.735
7/1/1995,612.648
14/01/1995,608.872
21/01/1995,400.772
28/01/1995,396.457
4/2/1995,381.813
11/2/1995,387.408
18/02/1995,356.237
25/02/1995,316.927
4/3/1995,342.015
11/3/1995,339.58
18/03/1995,319.218
25/03/1995,305.471
1/4/1995,294.031
8/4/1995,356.914
15/04/1995,318.03
22/04/1995,317.072
29/04/1995,305.594
6/5/1995,325.398
13/05/1995,311.646
20/05/1995,316.305
27/05/1995,314.442
3/6/1995,286.566
10/6/1995,340.606
17/06/1995,337.812
24/06/1995,324.411
1/7/1995,341.207
8/7/1995,428.632
15/07/1995,491.891
22/07/1995,409.319
29/07/1995,311.708
5/8/1995,310.703
12/8/1995,296.712
19/08/1995,286.017
26/08/1995,272.182
2/9/1995,278.703
9/9/1995,266.145
16/09/1995,304.323
23/09/1995,272.431
30/09/1995,269.067
7/10/1995,345.311
14/10/1995,306.465
21/10/1995,322.856
28/10/1995,332.061
4/11/1995,383.687
11/11/1995,335.181
18/11/1995,425.889
25/11/1995,336.269
2/12/1995,474.548
9/12/1995,421.109
16/12/1995,423.45
23/12/1995,490.349
30/12/1995,513.686
6/1/1996,596.01
13/01/1996,637.91
20/01/1996,510.82
27/01/1996,492.966
3/2/1996,433.693
10/2/1996,440.961
17/02/1996,395.332
24/02/1996,347.053
2/3/1996,368.044
9/3/1996,355.818
16/03/1996,357.07
23/03/1996,396.731
30/03/1996,342.023
6/4/1996,353.032
13/04/1996,343.654
20/04/1996,336.033
27/04/1996,291.957
4/5/1996,298.195
11/5/1996,303.532
18/05/1996,287.891
25/05/1996,287.622
1/6/1996,266.116
8/6/1996,329.099
15/06/1996,307.141
22/06/1996,312.226
29/06/1996,315.615
6/7/1996,382.989
13/07/1996,449.51
20/07/1996,360.385
27/07/1996,294.762
3/8/1996,283.216
10/8/1996,285.795
17/08/1996,265.742
24/08/1996,259.677
31/08/1996,251.425
7/9/1996,238.893
14/09/1996,272.464
21/09/1996,273.232
28/09/1996,261.251
5/10/1996,292.029
12/10/1996,306.521
19/10/1996,271.934
26/10/1996,311.965
2/11/1996,320.827
9/11/1996,340.24
16/11/1996,330.73
23/11/1996,383.512
30/11/1996,328.186
7/12/1996,444.305
14/12/1996,404.436
21/12/1996,429.566
28/12/1996,520.65
4/1/1997,541.21
11/1/1997,654.473
18/01/1997,513.913
25/01/1997,385.31
1/2/1997,380.099
8/2/1997,370.766
15/02/1997,320.374
22/02/1997,309.202
1/3/1997,317.339
8/3/1997,314.787
15/03/1997,296.698
22/03/1997,291.463
29/03/1997,268.823
5/4/1997,311.186
12/4/1997,329.663
19/04/1997,286.593
26/04/1997,295.166
3/5/1997,295.629
10/5/1997,278.052
17/05/1997,267.251
24/05/1997,264.697
31/05/1997,248.167
7/6/1997,309.928
14/06/1997,302.577
21/06/1997,290.72
28/06/1997,298.299
5/7/1997,372.574
12/7/1997,434.598
19/07/1997,339.25
26/07/1997,281.794
2/8/1997,273.471
9/8/1997,289.083
16/08/1997,272.91
23/08/1997,255.236
30/08/1997,250.205
6/9/1997,224.948
13/09/1997,253.456
20/09/1997,246.061
27/09/1997,237.214
4/10/1997,260.705
11/10/1997,286.436
18/10/1997,255.634
25/10/1997,272.593
1/11/1997,293.086
8/11/1997,322.842
15/11/1997,311.499
22/11/1997,341.845
29/11/1997,309.788
6/12/1997,402.699
13/12/1997,374.107
20/12/1997,368.823
27/12/1997,445.345
3/1/1998,479.854
10/1/1998,682.016
17/01/1998,512.837
24/01/1998,355.092
31/01/1998,357.976
7/2/1998,368.113
14/02/1998,328.354
21/02/1998,313.367
28/02/1998,313.48
7/3/1998,305.542
14/03/1998,298.302
21/03/1998,293.692
28/03/1998,272.808
4/4/1998,288.484
11/4/1998,294.014
18/04/1998,288.059
25/04/1998,278.22
2/5/1998,261.089
9/5/1998,270.108
16/05/1998,262.107
23/05/1998,259.125
30/05/1998,248.55
6/6/1998,289.495
13/06/1998,293.195
20/06/1998,322.017
27/06/1998,348.842
4/7/1998,379.734
11/7/1998,428.977
18/07/1998,364.767
25/07/1998,314.782
1/8/1998,277.621
8/8/1998,279.621
15/08/1998,246.823
22/08/1998,237.999
29/08/1998,233.516
5/9/1998,255.938
12/9/1998,217.454
19/09/1998,237.609
26/09/1998,220.668
3/10/1998,246.284
10/10/1998,300.862
17/10/1998,257.172
24/10/1998,275.574
31/10/1998,281.932
7/11/1998,332.611
14/11/1998,315.504
21/11/1998,338.501
28/11/1998,295.041
5/12/1998,421.605
12/12/1998,355.872
19/12/1998,344.452
26/12/1998,442.2
2/1/1999,508.983
9/1/1999,713.805
16/01/1999,514.082
23/01/1999,364.737
30/01/1999,349.733
6/2/1999,344.947
13/02/1999,320.679
20/02/1999,286.13
27/02/1999,297.918
6/3/1999,297.325
13/03/1999,289.813
20/03/1999,275.453
27/03/1999,260.817
3/4/1999,263.516
10/4/1999,327.621
17/04/1999,286.018
24/04/1999,263.835
1/5/1999,252.19
8/5/1999,274.268
15/05/1999,251.063
22/05/1999,250.36
29/05/1999,260.517
5/6/1999,256.922
12/6/1999,267.582
19/06/1999,267.825
26/06/1999,269.755
3/7/1999,303.758
10/7/1999,364.078
17/07/1999,369.123
24/07/1999,293.348
31/07/1999,254.195
7/8/1999,259.805
14/08/1999,236.658
21/08/1999,226.061
28/08/1999,219.278
4/9/1999,235.849
11/9/1999,204.302
18/09/1999,219.07
25/09/1999,232.486
2/10/1999,246.445
9/10/1999,278.925
16/10/1999,234.58
23/10/1999,250.864
30/10/1999,257.767
6/11/1999,297.136
13/11/1999,262.607
20/11/1999,309.248
27/11/1999,268.255
4/12/1999,378.735
11/12/1999,318.175
18/12/1999,329.649
25/12/1999,377.695
1/1/2000,439.912
8/1/2000,606.897
15/01/2000,442.494
22/01/2000,328.841
29/01/2000,332.74
5/2/2000,365.245
12/2/2000,311.897
19/02/2000,281.256
26/02/2000,258.962
4/3/2000,283.024
11/3/2000,255.109
18/03/2000,242.139
25/03/2000,239.835
1/4/2000,229.52
8/4/2000,274.13
15/04/2000,237.218
22/04/2000,240.266
29/04/2000,249.458
6/5/2000,259.546
13/05/2000,231.706
20/05/2000,234.599
27/05/2000,239.836
3/6/2000,242.991
10/6/2000,267.752
17/06/2000,265.617
24/06/2000,273.344
1/7/2000,280.979
8/7/2000,363.793
15/07/2000,377.982
22/07/2000,296.255
29/07/2000,253.466
5/8/2000,266.151
12/8/2000,261.358
19/08/2000,251.844
26/08/2000,239.03
2/9/2000,242.375
9/9/2000,229.954
16/09/2000,245.991
23/09/2000,222.219
30/09/2000,227.249
7/10/2000,292.784
14/10/2000,255.082
21/10/2000,263.445
28/10/2000,269.489
4/11/2000,342.414
11/11/2000,294.727
18/11/2000,374.16
25/11/2000,321.859
2/12/2000,447.262
9/12/2000,390.088
16/12/2000,402.476
23/12/2000,481.72
30/12/2000,568.973
6/1/2001,558.768
13/01/2001,599.562
20/01/2001,398.188
27/01/2001,447.386
3/2/2001,424.696
10/2/2001,396.151
17/02/2001,345.841
24/02/2001,357.591
3/3/2001,379.286
10/3/2001,377.21
17/03/2001,351.497
24/03/2001,334.747
31/03/2001,328.576
7/4/2001,397.282
14/04/2001,346.981
21/04/2001,369.745
28/04/2001,353.831
5/5/2001,336.319
12/5/2001,331.765
19/05/2001,338.374
26/05/2001,346.231
2/6/2001,335.765
9/6/2001,397.015
16/06/2001,354.526
23/06/2001,351.77
30/06/2001,375.885
7/7/2001,526.826
14/07/2001,524.139
21/07/2001,406.038
28/07/2001,332.957
4/8/2001,341.66
11/8/2001,333.042
18/08/2001,317.046
25/08/2001,307.85
1/9/2001,319.016
8/9/2001,309.567
15/09/2001,317.245
22/09/2001,353.611
29/09/2001,400.4
6/10/2001,441.754
13/10/2001,426.881
20/10/2001,429.542
27/10/2001,436.901
3/11/2001,443.971
10/11/2001,456.366
17/11/2001,420.259
24/11/2001,438.893
1/12/2001,605.916
8/12/2001,491.836
15/12/2001,440.906
22/12/2001,529.57
29/12/2001,647.045
5/1/2002,637.343
12/1/2002,799.246
19/01/2002,558.297
26/01/2002,431.69
2/2/2002,445.552
9/2/2002,438.611
16/02/2002,376.573
23/02/2002,367.504
2/3/2002,385.272
9/3/2002,386.992
16/03/2002,352.045
23/03/2002,366.372
30/03/2002,386.296
6/4/2002,432.384
13/04/2002,428.834
20/04/2002,385.151
27/04/2002,367.35
4/5/2002,362.681
11/5/2002,358.286
18/05/2002,348.887
25/05/2002,346.439
1/6/2002,309.183
8/6/2002,378.613
15/06/2002,356.096
22/06/2002,358.959
29/06/2002,358.658
6/7/2002,456.716
13/07/2002,506.718
20/07/2002,394.586
27/07/2002,338.441
3/8/2002,326.356
10/8/2002,332.673
17/08/2002,313.869
24/08/2002,314.852
31/08/2002,310.864
7/9/2002,318.361
14/09/2002,337.577
21/09/2002,317.264
28/09/2002,319.063
5/10/2002,365.613
12/10/2002,385.689
19/10/2002,349.927
26/10/2002,375.591
2/11/2002,397.346
9/11/2002,427.078
16/11/2002,372.829
23/11/2002,436.549
30/11/2002,385.788
7/12/2002,547.43
14/12/2002,486.258
21/12/2002,483.449
28/12/2002,620.929
4/1/2003,620.004
11/1/2003,724.111
18/01/2003,542.563
25/01/2003,434.888
1/2/2003,449.286
8/2/2003,439.52
15/02/2003,398.291
22/02/2003,387.536
1/3/2003,429.782
8/3/2003,414.568
15/03/2003,389.909
22/03/2003,361.492
29/03/2003,371.692
5/4/2003,394.16
12/4/2003,434.911
19/04/2003,399.18
26/04/2003,401.342
3/5/2003,377.383
10/5/2003,364.287
17/05/2003,362.276
24/05/2003,359.5
31/05/2003,351.89
7/6/2003,421.19
14/06/2003,383.371
21/06/2003,376.56
28/06/2003,394.214
5/7/2003,483.401
12/7/2003,552.621
19/07/2003,429.381
26/07/2003,348.382
2/8/2003,333.77
9/8/2003,348.207
16/08/2003,312.087
23/08/2003,313.058
30/08/2003,319.362
6/9/2003,322.501
13/09/2003,328.414
20/09/2003,301.217
27/09/2003,304.968
4/10/2003,337.88
11/10/2003,368.876
18/10/2003,328.572
25/10/2003,352.117
1/11/2003,345.573
8/11/2003,397.387
15/11/2003,347.719
22/11/2003,397.99
29/11/2003,357.811
6/12/2003,486.202
13/12/2003,412.627
20/12/2003,424.192
27/12/2003,516.493
3/1/2004,552.815
10/1/2004,677.897
17/01/2004,490.763
24/01/2004,382.262
31/01/2004,406.298
7/2/2004,433.234
14/02/2004,341.634
21/02/2004,328.171
28/02/2004,342.14
6/3/2004,339.007
13/03/2004,312.067
20/03/2004,304.462
27/03/2004,296.776
3/4/2004,304.249
10/4/2004,350.739
17/04/2004,334.965
24/04/2004,313.686
1/5/2004,283.236
8/5/2004,292.754
15/05/2004,297.061
22/05/2004,293.974
29/05/2004,304.067
5/6/2004,308.229
12/6/2004,313.93
19/06/2004,322.481
26/06/2004,318.746
3/7/2004,349.92
10/7/2004,444.531
17/07/2004,394.372
24/07/2004,313.225
31/07/2004,282.128
7/8/2004,291.611
14/08/2004,262.936
21/08/2004,274.433
28/08/2004,276.308
4/9/2004,274.93
11/9/2004,250.568
18/09/2004,275.846
25/09/2004,282.729
2/10/2004,279.591
9/10/2004,338.711
16/10/2004,279.846
23/10/2004,317.573
30/10/2004,305.546
6/11/2004,351.404
13/11/2004,311.901
20/11/2004,355.954
27/11/2004,320.69
4/12/2004,473.57
11/12/2004,370.604
18/12/2004,374.749
25/12/2004,446.699
1/1/2005,540.927
8/1/2005,693.776
15/01/2005,467.862
22/01/2005,360.583
29/01/2005,364.704
5/2/2005,347.391
12/2/2005,309.29
19/02/2005,303.814
26/02/2005,290.776
5/3/2005,332.067
12/3/2005,307.061
19/03/2005,290.719
26/03/2005,291.378
2/4/2005,294.994
9/4/2005,339.709
16/04/2005,285.657
23/04/2005,299.891
30/04/2005,290.824
7/5/2005,297.347
14/05/2005,275.524
21/05/2005,276.761
28/05/2005,304.306
4/6/2005,289.914
11/6/2005,315.938
18/06/2005,289.831
25/06/2005,286.681
2/7/2005,327.268
9/7/2005,427.323
16/07/2005,374.665
23/07/2005,295.026
30/07/2005,261.906
6/8/2005,269.746
13/08/2005,257.151
20/08/2005,252.016
27/08/2005,251.642
3/9/2005,271.613
10/9/2005,322.387
17/09/2005,346.204
24/09/2005,292.435
1/10/2005,313.847
8/10/2005,380.093
15/10/2005,303.158
22/10/2005,304.733
29/10/2005,294.376
5/11/2005,340.491
12/11/2005,283.564
19/11/2005,368.859
26/11/2005,290.73
3/12/2005,444.6
10/12/2005,391.961
17/12/2005,359.108
24/12/2005,433.397
31/12/2005,475.889
7/1/2006,555.114
14/01/2006,439.873
21/01/2006,317.926
28/01/2006,318.805
4/2/2006,321.527
11/2/2006,310.078
18/02/2006,269.571
25/02/2006,272.478
4/3/2006,301.867
11/3/2006,294.764
18/03/2006,269.237
25/03/2006,265.37
1/4/2006,253.985
8/4/2006,314.696
15/04/2006,268.472
22/04/2006,291.349
29/04/2006,279.715
6/5/2006,317.239
13/05/2006,288.972
20/05/2006,277.168
27/05/2006,292.714
3/6/2006,260.263
10/6/2006,285.892
17/06/2006,277.441
24/06/2006,287.503
1/7/2006,304.638
8/7/2006,418.363
15/07/2006,377.115
22/07/2006,288.875
29/07/2006,259.974
5/8/2006,275.43
12/8/2006,256.259
19/08/2006,252.357
26/08/2006,251.275
2/9/2006,259.539
9/9/2006,240.231
16/09/2006,267.036
23/09/2006,261.396
30/09/2006,249.288
7/10/2006,307.646
14/10/2006,271.863
21/10/2006,291.372
28/10/2006,301.079
4/11/2006,326.711
11/11/2006,286.151
18/11/2006,367.69
25/11/2006,323.509
2/12/2006,448.898
9/12/2006,384.123
16/12/2006,361.672
23/12/2006,425.357
30/12/2006,499.979
6/1/2007,506.059
13/01/2007,506.709
20/01/2007,367.583
27/01/2007,359.959
3/2/2007,339.018
10/2/2007,363.018
17/02/2007,305.945
24/02/2007,299
3/3/2007,320.194
10/3/2007,298.927
17/03/2007,277.187
24/03/2007,273.432
31/03/2007,268.218
7/4/2007,328.266
14/04/2007,317.917
21/04/2007,303.984
28/04/2007,267.672
5/5/2007,274.801
12/5/2007,258.516
19/05/2007,270.446
26/05/2007,273.397
2/6/2007,263.527
9/6/2007,302.368
16/06/2007,290.951
23/06/2007,292.583
30/06/2007,300.348
7/7/2007,417.554
14/07/2007,383.839
21/07/2007,298.366
28/07/2007,257.426
4/8/2007,270.563
11/8/2007,266.42
18/08/2007,257.573
25/08/2007,266.179
1/9/2007,257.454
8/9/2007,245.526
15/09/2007,261.971
22/09/2007,247.643
29/09/2007,255.431
6/10/2007,298.317
13/10/2007,306.519
20/10/2007,307.675
27/10/2007,303.357
3/11/2007,325.831
10/11/2007,351.76
17/11/2007,323.124
24/11/2007,324.047
1/12/2007,462.902
8/12/2007,423.13
15/12/2007,393.042
22/12/2007,456.28
29/12/2007,507.908
5/1/2008,522.7
12/1/2008,547.943
19/01/2008,415.397
26/01/2008,369.498
2/2/2008,380.234
9/2/2008,377.595
16/02/2008,325.886
23/02/2008,330.013
1/3/2008,345.287
8/3/2008,341.364
15/03/2008,335.909
22/03/2008,316.208
29/03/2008,342.189
5/4/2008,357.209
12/4/2008,370.96
19/04/2008,328.334
26/04/2008,337.854
3/5/2008,335.533
10/5/2008,325.479
17/05/2008,319.817
24/05/2008,326.627
31/05/2008,300.989
7/6/2008,373.033
14/06/2008,349.254
21/06/2008,358.158
28/06/2008,368.544
5/7/2008,401.672
12/7/2008,476.071
19/07/2008,403.607
26/07/2008,374.182
2/8/2008,381.887
9/8/2008,372.807
16/08/2008,342.164
23/08/2008,344.255
30/08/2008,360.485
6/9/2008,336.131
13/09/2008,381.72
20/09/2008,397.61
27/09/2008,392.121
4/10/2008,426.786
11/10/2008,454.1
18/10/2008,416.114
25/10/2008,449.429
1/11/2008,466.373
8/11/2008,539.812
15/11/2008,513.047
22/11/2008,609.128
29/11/2008,537.23
6/12/2008,760.481
13/12/2008,629.867
20/12/2008,719.691
27/12/2008,717
3/1/2009,731.958
10/1/2009,956.791
17/01/2009,763.987
24/01/2009,620.143
31/01/2009,682.176
7/2/2009,710.152
14/02/2009,619.951
21/02/2009,605.668
28/02/2009,645.827
7/3/2009,652.635
14/03/2009,601.192
21/03/2009,590.067
28/03/2009,599.299
4/4/2009,623.279
11/4/2009,610.522
18/04/2009,596.564
25/04/2009,583.457
2/5/2009,536.648
9/5/2009,570.412
16/05/2009,540.925
23/05/2009,538.311
30/05/2009,500.38
6/6/2009,581.092
13/06/2009,562.449
20/06/2009,572.425
27/06/2009,563.387
4/7/2009,585.963
11/7/2009,677.038
18/07/2009,590.73
25/07/2009,516.351
1/8/2009,470.988
8/8/2009,486.586
15/08/2009,461.78
22/08/2009,460.998
29/08/2009,460.525
5/9/2009,470.079
12/9/2009,414.557
19/09/2009,441.311
26/09/2009,449.62
3/10/2009,456.233
10/10/2009,513.852
17/10/2009,464.985
24/10/2009,499.374
31/10/2009,487.714
7/11/2009,537.23
14/11/2009,479.35
21/11/2009,547.022
28/11/2009,462.09
5/12/2009,673.097
12/12/2009,561.655
19/12/2009,571.378
26/12/2009,561.852
2/1/2010,651.215
9/1/2010,825.891
16/01/2010,659.173
23/01/2010,507.651
30/01/2010,538.617
6/2/2010,512.463
13/02/2010,482.078
20/02/2010,458.16
27/02/2010,474.662
6/3/2010,462.679
13/03/2010,439.061
20/03/2010,413.067
27/03/2010,412.71
3/4/2010,421.13
10/4/2010,514.136
17/04/2010,436.814
24/04/2010,429.196
1/5/2010,399.35
8/5/2010,414.327
15/05/2010,414.572
22/05/2010,410.778
29/05/2010,418.873
5/6/2010,398.864
12/6/2010,448.305
19/06/2010,427.08
26/06/2010,444.712
3/7/2010,470.366
10/7/2010,515.991
17/07/2010,502.065
24/07/2010,413.679
31/07/2010,402.14
7/8/2010,425.471
14/08/2010,405.484
21/08/2010,384.955
28/08/2010,383.135
4/9/2010,381.863
11/9/2010,341.791
18/09/2010,382.341
25/09/2010,372.551
2/10/2010,373.681
9/10/2010,462.667
16/10/2010,394.016
23/10/2010,408.489
30/10/2010,421.097
6/11/2010,452.657
13/11/2010,409.548
20/11/2010,464.817
27/11/2010,412.922
4/12/2010,585.711
11/12/2010,491.776
18/12/2010,495.548
25/12/2010,525.71
1/1/2011,578.904
8/1/2011,773.499
15/01/2011,549.688
22/01/2011,485.95
29/01/2011,464.775
5/2/2011,440.706
12/2/2011,424.4
19/02/2011,380.985
26/02/2011,353.797
5/3/2011,407.299
12/3/2011,371.721
19/03/2011,354.457
26/03/2011,357.457
2/4/2011,353.817
9/4/2011,448.029
16/04/2011,381.834
23/04/2011,387.867
30/04/2011,415.974
7/5/2011,397.737
14/05/2011,361.573
21/05/2011,376.632
28/05/2011,381.497
4/6/2011,366.816
11/6/2011,400.608
18/06/2011,394.286
25/06/2011,406.633
2/7/2011,425.64
9/7/2011,473.963
16/07/2011,470.086
23/07/2011,369.207
30/07/2011,341.103
6/8/2011,354.408
13/08/2011,346.014
20/08/2011,344.87
27/08/2011,336.761
3/9/2011,348.582
10/9/2011,328.868
17/09/2011,353.82
24/09/2011,328.073
1/10/2011,332.394
8/10/2011,405.906
15/10/2011,357.562
22/10/2011,377.156
29/10/2011,369.647
5/11/2011,402.532
12/11/2011,363.016
19/11/2011,440.157
26/11/2011,372.64
3/12/2011,528.793
10/12/2011,435.863
17/12/2011,421.103
24/12/2011,497.689
31/12/2011,540.057
7/1/2012,646.219
14/01/2012,525.422
21/01/2012,416.88
28/01/2012,422.287
4/2/2012,401.365
11/2/2012,365.014
18/02/2012,346.659
25/02/2012,334.242
3/3/2012,368.433
10/3/2012,340.102
17/03/2012,319.498
24/03/2012,323.373
31/03/2012,315.8
7/4/2012,390.064
14/04/2012,370.482
21/04/2012,370.632
28/04/2012,333.476
5/5/2012,341.08
12/5/2012,325.094
19/05/2012,330.427
26/05/2012,346.26
2/6/2012,324.385
9/6/2012,376.61
16/06/2012,364.548
23/06/2012,370.521
30/06/2012,369.826
7/7/2012,442.192
14/07/2012,455.26
21/07/2012,340.78
28/07/2012,312.931
4/8/2012,320.219
11/8/2012,317.68
18/08/2012,311.857
25/08/2012,312.542
1/9/2012,309.537
8/9/2012,299.729
15/09/2012,330.454
22/09/2012,303.685
29/09/2012,301.046
6/10/2012,329.925
13/10/2012,362.73
20/10/2012,345.227
27/10/2012,339.924
3/11/2012,361.823
10/11/2012,478.551
17/11/2012,403.636
24/11/2012,358.865
1/12/2012,500.163
8/12/2012,429.191
15/12/2012,401.431
22/12/2012,457.584
29/12/2012,490.126
5/1/2013,557.424
12/1/2013,558.047
19/01/2013,437.36
26/01/2013,369.567
2/2/2013,388.708
9/2/2013,361.759
16/02/2013,351.087
23/02/2013,310.512
2/3/2013,335.794
9/3/2013,317.661
16/03/2013,301.471
23/03/2013,316.133
30/03/2013,317.494
6/4/2013,356.935
13/04/2013,359.415
20/04/2013,326.264
27/04/2013,301.622
4/5/2013,301.602
11/5/2013,320.253
18/05/2013,303.357
25/05/2013,319.508
1/6/2013,294.608
8/6/2013,332.964
15/06/2013,336.97
22/06/2013,336.901
29/06/2013,335.424
6/7/2013,383.811
13/07/2013,410.974
20/07/2013,340.457
27/07/2013,281.692
3/8/2013,288.861
10/8/2013,282.756
17/08/2013,281.164
24/08/2013,279.803
31/08/2013,269.359
7/9/2013,229.648
14/09/2013,272.946
21/09/2013,255.087
28/09/2013,252.196
5/10/2013,335.937
12/10/2013,360.957
19/10/2013,312.037
26/10/2013,325.326
2/11/2013,331.867
9/11/2013,364.167
16/11/2013,327.053
23/11/2013,369.197
30/11/2013,321.896
7/12/2013,463.413
14/12/2013,414.613
21/12/2013,418.272
28/12/2013,452.664
4/1/2014,488.537
11/1/2014,534.966
18/01/2014,416.116
25/01/2014,357.806
1/2/2014,357.742
8/2/2014,360.338
15/02/2014,322.761
22/02/2014,312.665
1/3/2014,317.832
8/3/2014,302.311
15/03/2014,285.97
22/03/2014,274.072
29/03/2014,294.862
5/4/2014,299.162
12/4/2014,318.793
19/04/2014,299.182
26/04/2014,318.127
3/5/2014,288.748
10/5/2014,270.738
17/05/2014,287.398
24/05/2014,275.412
31/05/2014,264.133
7/6/2014,313.371
14/06/2014,301.195
21/06/2014,305.029
28/06/2014,305.791
5/7/2014,322.753
12/7/2014,370.559
19/07/2014,287.049
26/07/2014,257.625
2/8/2014,247.877
9/8/2014,269.468
16/08/2014,249.463
23/08/2014,249.006
30/08/2014,249.78
6/9/2014,234.755
13/09/2014,242.318
20/09/2014,239.78
27/09/2014,227.571
4/10/2014,257.545
11/10/2014,273.756
18/10/2014,256.166
25/10/2014,271.331
1/11/2014,266.921
8/11/2014,309.338
15/11/2014,286.115
22/11/2014,357.202
29/11/2014,294.389
6/12/2014,389.284
13/12/2014,327.827
20/12/2014,340.827
27/12/2014,389.757
3/1/2015,439.342
10/1/2015,529.685
17/01/2015,383.538
24/01/2015,281.885
31/01/2015,306.643
7/2/2015,324.158
14/02/2015,277.904
21/02/2015,280.639
28/02/2015,315.566
7/3/2015,277.925
14/03/2015,260.242
21/03/2015,248.032
28/03/2015,239.748
4/4/2015,253.533
11/4/2015,308.173
18/04/2015,279.797
25/04/2015,250.78
2/5/2015,236.421
9/5/2015,242.882
16/05/2015,243.612
23/05/2015,253.454
30/05/2015,230.676
6/6/2015,275.619
13/06/2015,258.764
20/06/2015,263.199
27/06/2015,274.646
4/7/2015,303.585
11/7/2015,344.471
18/07/2015,262.949
25/07/2015,230.314
1/8/2015,224.104
8/8/2015,239.326
15/08/2015,229.251
22/08/2015,226.649
29/08/2015,230.079
5/9/2015,232.507
12/9/2015,198.903
19/09/2015,219.342
26/09/2015,215.116
3/10/2015,227.176
10/10/2015,256.522
17/10/2015,232.86
24/10/2015,245.365
31/10/2015,258.44
7/11/2015,291.098
14/11/2015,264.816
21/11/2015,305.424
28/11/2015,262.628
5/12/2015,384.491
12/12/2015,313.276
19/12/2015,319.641
26/12/2015,346.542
2/1/2016,405.368
9/1/2016,502.904
16/01/2016,378.747
23/01/2016,295.936
30/01/2016,311.94
6/2/2016,290.796
13/02/2016,258.38
20/02/2016,248.87
27/02/2016,265.802
5/3/2016,247.628
12/3/2016,236.888
19/03/2016,230.882
26/03/2016,235.716
2/4/2016,245.035
9/4/2016,270.419
16/04/2016,242.4
23/04/2016,245.04
30/04/2016,243.392
7/5/2016,261.899
14/05/2016,244.869
21/05/2016,240.798
28/05/2016,246.74
4/6/2016,232.3
11/6/2016,266.277
18/06/2016,247.968
25/06/2016,263.662
2/7/2016,267.437
9/7/2016,298.673
16/07/2016,268.526
23/07/2016,231.925
30/07/2016,219.202
6/8/2016,231.542
13/08/2016,219.57
20/08/2016,217.011
27/08/2016,215.688
3/9/2016,217.715
10/9/2016,193.291
17/09/2016,205.649
24/09/2016,198.455
1/10/2016,200.456
8/10/2016,238.581
15/10/2016,233.633
22/10/2016,237.314
29/10/2016,245.751
5/11/2016,258.608
12/11/2016,223.77
19/11/2016,287.794
26/11/2016,249.774
3/12/2016,351.58
10/12/2016,305.268
17/12/2016,315.068
24/12/2016,343.213
31/12/2016,350.561
7/1/2017,414.742
14/01/2017,352.799
21/01/2017,284.03
28/01/2017,280.983
4/2/2017,259.713
11/2/2017,245.886
18/02/2017,239.322
25/02/2017,212.829
4/3/2017,243.959
11/3/2017,222.227
18/03/2017,224.693
25/03/2017,228.269
1/4/2017,208.347
8/4/2017,239.823
15/04/2017,225.864
22/04/2017,241.611
29/04/2017,210.955
6/5/2017,215.04
13/05/2017,206.905
20/05/2017,210.544
27/05/2017,232.138
3/6/2017,212.696
10/6/2017,234.652
17/06/2017,228.883
24/06/2017,239.635
1/7/2017,252.886
8/7/2017,284.329
15/07/2017,257.763
22/07/2017,220.455
29/07/2017,198.776
5/8/2017,211.924
12/8/2017,198.28
19/08/2017,195.13
26/08/2017,196.227
2/9/2017,250.627
9/9/2017,211.923
16/09/2017,212.313
23/09/2017,212.987
30/09/2017,204.18
7/10/2017,229.241
14/10/2017,205.592
21/10/2017,216.004
28/10/2017,215.977
4/11/2017,242.111
11/11/2017,236.654
18/11/2017,275.004
25/11/2017,224.851
2/12/2017,325.988
9/12/2017,282.009
16/12/2017,287.396
23/12/2017,324.958
30/12/2017,351.348
6/1/2018,403.619
13/01/2018,354.05
20/01/2018,260.07
27/01/2018,267.766
3/2/2018,242.962
10/2/2018,232.805
17/02/2018,212.213
24/02/2018,195.931
3/3/2018,225.513
10/3/2018,204.862
17/03/2018,198.591
24/03/2018,195.375
31/03/2018,200.996
7/4/2018,231.725
14/04/2018,226.09
21/04/2018,200.139
28/04/2018,186.451
5/5/2018,190.262
12/5/2018,195.214
19/05/2018,207.043
26/05/2018,202.846
2/6/2018,191.523
9/6/2018,217.289
16/06/2018,206.023
23/06/2018,222.766
30/06/2018,231.539
7/7/2018,264.869
14/07/2018,232.238
21/07/2018,201.288
28/07/2018,179.881
4/8/2018,185.174
11/8/2018,180.038
18/08/2018,173.331
25/08/2018,175.745
1/9/2018,173.557
8/9/2018,162.333
15/09/2018,169.155
22/09/2018,177.573
29/09/2018,165.215
